,cell_number,concave_regularity,brittleness,sample
AK090T_1,6.12249280951439,0.494342511077405,0.842107007687092,AK090T
AK090T_2,5.95583736946483,0.565643604964418,0.838650777701633,AK090T
AK090T_3,5.86078622346587,0.401121157027271,0.774468094766027,AK090T
AK090T_4,5.59471137960184,0.127563454560206,0.730856594634942,AK090T
AK090T_5,5.97888576490112,0.4624278655607,0.905793989406514,AK090T
AK090T_6,5.79605775076537,0.434968510865997,0.816094345368903,AK090T
AK090T_7,5.85507192220243,0.50254548126215,0.809420022495814,AK090T
AK090T_8,5.65599181081985,0.280573797590547,0.76256512426184,AK090T
AK090T_9,5.63835466933375,0.247971892974613,0.758830420968651,AK090T
AK090T_10,5.65948221575962,0.367910948657026,0.846118500998609,AK090T
AK090T_11,5.73657229747919,0.576864451602294,0.867894586931512,AK090T
AK090T_12,5.54907608489522,0.557841626223855,0.922369587117134,AK090T
AK090T_13,5.12396397940326,0.111778099520573,0.647301914634469,AK090T
AK090T_14,5.17048399503815,0.0300990680690484,0.617195291990879,AK090T
AK090T_15,5.17614973257383,0.154994273749344,0.717887453937131,AK090T
AK090T_16,5.52545293913178,0.602910559991712,0.933425740335976,AK090T
AK090T_17,5.12396397940326,0.117603095460808,0.639088570670902,AK090T
AK090T_18,5.46383180502561,0.362829666096489,0.889690140478313,AK090T
AK090T_19,5.39362754635236,0.497263799211512,0.823632472510561,AK090T
AK090T_20,5.03695260241363,0.26869353656682,0.651710122443959,AK090T
AK090T_21,5.47646355193151,0.543870622834133,0.839554994868885,AK090T
AK090T_22,5.15905529921453,0.328689849547964,0.796236188468009,AK090T
AK090T_23,5.17048399503815,0.41296509020711,0.836596893048388,AK090T
AK090T_24,5.18178355029209,0.575161580361217,0.880681094943315,AK090T
AK090T_25,5.05624580534831,0.34546976377599,0.784439490481596,AK090T
AK090T_26,4.82028156560504,0.301558693913703,0.845754812870349,AK090T
AK090T_27,5.14166355650266,0.482459130495289,0.844548951980728,AK090T
AK090T_28,5.17614973257383,0.545018433931512,0.905795859027527,AK090T
AK090T_29,5.02388052084628,0.141530934911392,0.827822272581468,AK090T
AK090T_30,4.80402104473326,0.415670214022801,0.801668287741396,AK090T
AK090T_31,4.969813299576,0.31937402256632,0.813390108833827,AK090T
AK090T_32,4.96284463025991,0.367254459620682,0.834298244619073,AK090T
AK090T_33,5.09375020080676,0.491458175857114,0.82827510798458,AK090T
AK090T_34,4.9416424226093,0.47959551447667,0.866457799841619,AK090T
AK090T_35,5.01727983681492,0.466057069521047,0.831678442867524,AK090T
AK090T_36,4.99043258677874,0.396089338351171,0.904882051870916,AK090T
AK090T_37,4.72738781871234,0.175843775744211,0.584755473319054,AK090T
AK090T_38,4.04305126783455,0.0748806629681757,0.605717098465753,AK090T
AK090T_39,4.79579054559674,0.420427887247879,0.801617841066956,AK090T
AK090T_40,5.00394630594546,0.166053175093012,0.883767860669785,AK090T
AK090T_41,4.64439089914137,0.440549533049228,0.822442456916793,AK090T
AK090T_42,4.75359019110636,0.448699610493595,0.858478807622284,AK090T
AK090T_43,4.7361984483945,0.117792916734042,0.743022371811135,AK090T
AK090T_44,4.80402104473326,0.585532420450352,0.910245692529605,AK090T
AK090T_45,4.40671924726425,0.0485014545933393,0.667111854207569,AK090T
AK090T_46,4.77912349311153,0.378925123676604,0.804031417375717,AK090T
AK090T_47,4.53259949315326,0.168352582885212,0.802190002570543,AK090T
AK090T_48,4.52178857704904,0.0224072266356355,0.678801457004597,AK090T
AK090T_49,4.68213122712422,0.527422138214223,0.924208044058057,AK090T
AK090T_50,4.43081679884331,0.458445516105685,0.876305222795365,AK090T
AK090T_51,4.53259949315326,0.234876169793439,0.841445330371321,AK090T
AK090T_52,4.43081679884331,0.299913034708802,0.801233241974229,AK090T
AK090T_53,4.39444915467244,0.508579664714081,0.90669208888808,AK090T
AK090T_54,4.48863636973214,0.399840469559544,0.851702997504654,AK090T
AK090T_55,4.27666611901606,0.278280184170371,0.805348646448095,AK090T
AK090T_56,4.51085950651685,0.211978451062286,0.722111598696156,AK090T
AK090T_57,4.36944785246702,0.338592741292734,0.821179702210318,AK090T
AK090T_58,4.43081679884331,0.441053359310468,0.892176085369695,AK090T
AK090T_59,4.36944785246702,0.493205361403144,0.872301217348063,AK090T
AK090T_60,4.27666611901606,0.374543588431349,0.760462561720266,AK090T
AK090T_61,4.35670882668959,0.142976548514568,0.760068540699335,AK090T
AK090T_62,3.98898404656427,0.446391919820285,0.92503386196784,AK090T
AK090T_63,4.40671924726425,0.464441901847388,0.940159493640141,AK090T
AK090T_64,3.95124371858143,0.274799208013381,0.846017822542033,AK090T
AK090T_65,3.85014760171006,0.195404881188892,0.818598168561258,AK090T
AK090T_66,4.18965474202643,0.342376826924654,0.730844963725476,AK090T
AK090T_67,4.36944785246702,0.285242990329675,0.816794801804311,AK090T
AK090T_68,4.26267987704132,0.356406959583255,0.822882407139718,AK090T
AK090T_69,4.15888308335967,0.0281748526973114,0.81754805106313,AK090T
AK090T_70,3.97029191355212,0.277222200682359,0.789559364463785,AK090T
AK090T_71,4.04305126783455,0.163730640984364,0.774276070851739,AK090T
AK090T_72,3.52636052461616,0.0611428301694503,0.712306050488286,AK090T
AK090T_73,4.20469261939097,0.424060988932989,0.881462019257739,AK090T
AK090T_74,4.29045944114839,0.553126470760159,0.909085240398617,AK090T
AK090T_75,3.58351893845611,0.299865215030929,0.807178323515978,AK090T
AK090T_76,4.15888308335967,0.493176911719553,0.941587516852119,AK090T
AK090T_77,4.15888308335967,0.490328455607755,0.923208992994897,AK090T
AK090T_78,3.61091791264422,0.256284904184171,0.68414593653534,AK090T
AK090T_79,4.4188406077966,0.564579874873703,0.901476847253224,AK090T
AK090T_80,4.27666611901606,0.558026190826665,0.880695083415219,AK090T
AK090T_81,3.73766961828337,0.150446652790976,0.775875230795005,AK090T
AK090T_82,3.98898404656427,0.252854352391991,0.84444405281039,AK090T
AK090T_83,4.06044301054642,0.349214162316363,0.871347944673834,AK090T
AK090T_84,3.76120011569356,0.14604041230743,0.725636387871365,AK090T
AK090T_85,3.49650756146648,0.146942714862455,0.693516989296585,AK090T
AK090T_86,3.63758615972639,0.256254166066185,0.747643990178766,AK090T
AK090T_87,3.98898404656427,0.306160189576598,0.815711867349148,AK090T
AK090T_88,3.80666248977032,0.282763792660305,0.868398942505787,AK090T
AK090T_89,3.85014760171006,0.489937301069883,0.915773651185447,AK090T
AK090T_90,3.89182029811063,0.353439401051972,0.782244243401745,AK090T
AK090T_91,3.78418963391826,0.282081892455854,0.871381789326375,AK090T
AK090T_92,3.55534806148941,0.149689107688657,0.823203361572409,AK090T
AK090T_93,3.78418963391826,0.445380535162235,0.951116810945991,AK090T
AK090T_94,3.91202300542815,0.114125668675157,0.870935003317172,AK090T
AK090T_95,3.71357206670431,0.117074547269654,0.717557220811691,AK090T
AK090T_96,3.76120011569356,0.341402642657258,0.856823102377407,AK090T
AK090T_97,3.49650756146648,0.265043411318214,0.731518525910231,AK090T
AK090T_98,3.61091791264422,0.427328504239822,0.91511206737219,AK090T
AK090T_99,3.58351893845611,0.32095128576177,0.84936860364551,AK090T
AK090T_100,3.80666248977032,0.123705984356862,0.810908112430498,AK090T
AK090T_101,3.58351893845611,0.364975683060919,0.809811713920842,AK090T
AK090T_102,3.8286413964891,0.0892050791178005,0.789010413752321,AK090T
AK090T_103,3.43398720448515,0.261034562274567,0.70593511457777,AK090T
AK090T_104,3.52636052461616,0.0602773262367298,0.62183631750323,AK090T
AK090T_105,3.89182029811063,0.571629934288558,0.926073230533262,AK090T
AK090T_106,3.55534806148941,0.294308020603987,0.81144750441148,AK090T
AK090T_107,3.71357206670431,0.364988782223535,0.847358362225289,AK090T
AK090T_108,3.55534806148941,0.409620526778864,0.945368153276209,AK090T
AK090T_109,3.43398720448515,0.433290526372461,0.88584808503961,AK090T
AK090T_110,3.58351893845611,0.489639125061912,0.946580683439292,AK090T
AK090T_111,3.52636052461616,0.464701381356096,0.887841376726938,AK090T
AK090T_112,3.80666248977032,0.149660995863442,0.826430009187598,AK090T
AK090T_113,3.55534806148941,0.343375153238851,0.887424322895368,AK090T
AK090T_114,3.46573590279973,0.407680545314358,0.93520797754985,AK090T
AK090T_115,3.55534806148941,0.545802110945791,0.876310554611793,AK090T
AK090T_116,3.46573590279973,0.457054673407141,0.914509969134735,AK090T
AK090T_117,3.43398720448515,0.444929726021105,0.89089295726675,AK090T
AK090T_118,3.58351893845611,0.547202965458118,0.916762288538508,AK090T
AK090T_119,3.55534806148941,0.460155390421411,0.967907262196572,AK090T
AK090T_120,3.46573590279973,0.370805826368086,0.905888431617371,AK090T
AL189T_1,6.84694313958538,0.284093114386128,0.865863165920658,AL189T
AL189T_2,6.57088296233958,0.254489204684604,0.835809523690977,AL189T
AL189T_3,6.0591231955818,0.00971772422817014,0.600881641004118,AL189T
AL189T_4,6.44730586254121,0.507566732519372,0.882919017468628,AL189T
AL189T_5,6.13988455222626,0.104363776099488,0.802126601362996,AL189T
AL189T_6,6.0591231955818,0.0828996124999935,0.506515419911744,AL189T
AL189T_7,6.28599809450886,0.252558651054372,0.815738911575058,AL189T
AL189T_8,6.23441072571837,0.337413005226301,0.780098956965429,AL189T
AL189T_9,6.28785856016178,0.588752886425218,0.857445491563763,AL189T
AL189T_10,6.19031540585315,0.323160363593417,0.811401281434323,AL189T
AL189T_11,5.44241771052179,0.0669094737388943,0.59331172176791,AL189T
AL189T_12,5.98645200528444,0.0605697636794149,0.595571519633228,AL189T
AL189T_13,5.56452040732269,0.293908705088694,0.569694876874317,AL189T
AL189T_14,6.0913098820777,0.495474499096367,0.865778770733878,AL189T
AL189T_15,5.60947179518496,0.181771879725148,0.731046883989352,AL189T
AL189T_16,5.61677109766657,0.151703751852934,0.70978263197877,AL189T
AL189T_17,5.93489419561959,0.41839802597017,0.811248521683197,AL189T
AL189T_18,5.75890177387728,0.352266437628338,0.743423764401458,AL189T
AL189T_19,5.51342874616498,0.228992169096516,0.77895577460509,AL189T
AL189T_20,5.35658627467201,0.0739602115609052,0.596000531699168,AL189T
AL189T_21,5.15329159449778,0.105809958352126,0.536719145948852,AL189T
AL189T_22,5.48063892334199,0.0214833637467456,0.656463513570769,AL189T
AL189T_23,5.59098698051086,0.085335055533686,0.657817322143849,AL189T
AL189T_24,5.14166355650266,0.284720163504065,0.700321174201185,AL189T
AL189T_25,5.77765232322266,0.641815672682186,0.932929449466268,AL189T
AL189T_26,5.55682806169954,0.321240375598971,0.741711173600689,AL189T
AL189T_27,5.57972982598622,0.0522713858712454,0.637668446523831,AL189T
AL189T_28,5.23110861685459,0.108453547913447,0.610907826979038,AL189T
AL189T_29,5.64544689764324,0.513858216045073,0.822523523317427,AL189T
AL189T_30,5.52942908751142,0.13615811194517,0.636854642011201,AL189T
AL189T_31,5.31320597904179,0.0815295438336197,0.647902299226401,AL189T
AL189T_32,5.45958551414416,0.459776436309441,0.893007065177231,AL189T
AL189T_33,5.15905529921453,0.196113282088506,0.623501020620558,AL189T
AL189T_34,4.85203026391962,0.0911599319992377,0.632442493272239,AL189T
AL189T_35,5.08759633523238,0.0266593143428255,0.702286692837897,AL189T
AL189T_36,5.01727983681492,0.0824678447837241,0.625602344041406,AL189T
AL189T_37,4.82028156560504,0.0918499353823868,0.659251924263399,AL189T
AL189T_38,5.41164605185504,0.378710166305474,0.863623074647919,AL189T
AL189T_39,5.38449506278909,0.257692715924927,0.824322424369136,AL189T
AL189T_40,5.25227342804663,0.11973585164045,0.628414672315817,AL189T
AL189T_41,5.18738580584075,0.13564827044594,0.589013924419012,AL189T
AL189T_42,5.27299955856375,0.39123014473977,0.817695308037676,AL189T
AL189T_43,4.90527477843843,0.0974765875391515,0.695381542530814,AL189T
AL189T_44,5.49306144334055,0.276603455745153,0.801217857332897,AL189T
AL189T_45,5.04342511691925,0.15501312431329,0.572290673896954,AL189T
AL189T_46,5.31811999384422,0.288030853280525,0.80343344917153,AL189T
AL189T_47,5.26269018890489,0.313647151094101,0.708296744279921,AL189T
AL189T_48,4.92725368515721,0.151290282195437,0.666508450079391,AL189T
AL189T_49,4.70048036579242,0.247144036093443,0.673437842249868,AL189T
AL189T_50,5.12396397940326,0.077155785950142,0.703309812276556,AL189T
AL189T_51,5.23644196282995,0.268569964946063,0.805135776056807,AL189T
AL189T_52,5.25749537202778,0.412559325837799,0.918913700013663,AL189T
AL189T_53,4.98360662170834,0.110480551670958,0.718464367870578,AL189T
AL189T_54,5.15329159449778,0.287727023174109,0.801523495020966,AL189T
AL189T_55,5.11799381241676,0.141286278461112,0.693752825313336,AL189T
AL189T_56,5.37527840768417,0.150543772997223,0.660434620946613,AL189T
AL189T_57,5.03043792139244,0.0338162667584924,0.667014190337329,AL189T
AL189T_58,5.15329159449778,0.294595147061569,0.814264434088308,AL189T
AL189T_59,5.05624580534831,0.439587390383329,0.77296473211777,AL189T
AL189T_60,5.11198778835654,0.462240371588585,0.868638697363198,AL189T
AL189T_61,5.18738580584075,0.403841058368594,0.85945346674709,AL189T
AL189T_62,4.92725368515721,0.116174475556144,0.571376908081318,AL189T
AL189T_63,4.91265488573605,0.206260406377007,0.79849785460242,AL189T
AL189T_64,4.78749174278205,0.304347515536274,0.813343745330478,AL189T
AL189T_65,4.83628190695148,0.272396072781022,0.876753381932442,AL189T
AL189T_66,4.34380542185368,0.292744079236963,0.823331428891741,AL189T
AL189T_67,4.79579054559674,0.0328561419313293,0.625471157616119,AL189T
AL189T_68,5.17048399503815,0.528835289248957,0.867131134807421,AL189T
AL189T_69,5.17048399503815,0.355452138912065,0.762074325282584,AL189T
AL189T_70,5.14166355650266,0.54092517644328,0.870137917170492,AL189T
AL189T_71,5.01727983681492,0.43947925193142,0.83919109668796,AL189T
AL189T_72,4.23410650459726,0.113821340039636,0.549836399799578,AL189T
AL189T_73,4.30406509320417,0.151609571730317,0.746724681241716,AL189T
AL189T_74,4.44265125649032,0.408282787491502,0.859325749209972,AL189T
AL189T_75,4.77068462446567,0.2085722300112,0.760113891187814,AL189T
AL189T_76,5.05624580534831,0.687779868767414,0.961146819438223,AL189T
AL189T_77,4.62497281328427,0.188700935840399,0.724992770163711,AL189T
AL189T_78,4.56434819146784,0.106034237042456,0.735772575903076,AL189T
AL189T_79,4.69134788222914,0.111682249978789,0.686734335068062,AL189T
AL189T_80,4.87519732320115,0.558528871529344,0.871163924317033,AL189T
AL189T_81,4.66343909411207,0.195118461668129,0.646111741985648,AL189T
AL189T_82,4.58496747867057,0.0301166584035454,0.693744312917053,AL189T
AL189T_83,4.90527477843843,0.435814322275071,0.891273798324651,AL189T
AL189T_84,4.89783979995091,0.370598714457807,0.696392928559422,AL189T
AL189T_85,4.77912349311153,0.301839239398012,0.802752220899427,AL189T
AL189T_86,4.89783979995091,0.213984427161929,0.837045290447176,AL189T
AL189T_87,4.9416424226093,0.451438572320492,0.859279886862781,AL189T
AL189T_88,4.65396035015752,0.432859277149069,0.79974098210283,AL189T
AL189T_89,4.59511985013459,0.125119482009341,0.658673277693885,AL189T
AL189T_90,4.99043258677874,0.515624128246641,0.929548561353466,AL189T
AL189T_91,4.92725368515721,0.422484907435491,0.947534401188052,AL189T
AL189T_92,4.72738781871234,0.121263559685374,0.688197808692544,AL189T
AL189T_93,4.969813299576,0.367518234635581,0.773987321395437,AL189T
AL189T_94,4.26267987704132,0.0202751523317826,0.565428319930533,AL189T
AL189T_95,4.44265125649032,0.144227466378605,0.775113239504808,AL189T
AL189T_96,4.52178857704904,0.0769662392925521,0.529071199153563,AL189T
AL189T_97,4.30406509320417,0.167701380713841,0.563710489032221,AL189T
AL189T_98,4.80402104473326,0.288831852490331,0.813446477678775,AL189T
AL189T_99,4.24849524204936,0.291866904393927,0.637113930304909,AL189T
AL189T_100,4.52178857704904,0.0753754417930144,0.593964217916313,AL189T
AL189T_101,4.89783979995091,0.327894398525975,0.765578867516911,AL189T
AL189T_102,4.74493212836325,0.525006981189827,0.903828020454214,AL189T
AL189T_103,4.86753445045558,0.399215045156351,0.899270551682801,AL189T
AL189T_104,4.35670882668959,0.0811302678981432,0.660046433418611,AL189T
AL189T_105,4.62497281328427,0.047749138836353,0.583327679994269,AL189T
AL189T_106,4.68213122712422,0.216746464655467,0.824461415182771,AL189T
AL189T_107,4.79579054559674,0.342901206759174,0.850787763179696,AL189T
AL189T_108,3.76120011569356,0.215586149882913,0.828765664517526,AL189T
AL189T_109,4.51085950651685,0.0221397468169067,0.680684989657171,AL189T
AL189T_110,4.21950770517611,0.186125158854479,0.779608407387301,AL189T
AL189T_111,4.58496747867057,0.0935661769484081,0.683297407345591,AL189T
AL189T_112,4.8283137373023,0.333165427103843,0.839437631616481,AL189T
AL189T_113,4.55387689160054,0.0589308340980178,0.658641271098596,AL189T
AL189T_114,4.23410650459726,0.153761960696537,0.709698766489764,AL189T
AL189T_115,4.58496747867057,0.0895638691502615,0.67672612411642,AL189T
AL189T_116,4.30406509320417,0.143637006195532,0.639145211497006,AL189T
AL189T_117,4.38202663467388,0.104687190793317,0.750987053389664,AL189T
AL189T_118,4.34380542185368,0.389984517717612,0.800952218983516,AL189T
AL189T_119,3.97029191355212,0.0460072639271462,0.657026455641436,AL189T
AL189T_120,4.17438726989564,0.125380224911421,0.703828308222591,AL189T
AL189T_121,4.30406509320417,0.247934237642045,0.598269437144926,AL189T
AL189T_122,4.66343909411207,0.506938669421113,0.905477799947539,AL189T
AL189T_123,4.64439089914137,0.0124639782890535,0.680601177481266,AL189T
AL189T_124,4.12713438504509,0.174453721607614,0.8044298115704,AL189T
AL189T_125,4.55387689160054,0.25431028540694,0.858146655941739,AL189T
AL189T_126,4.11087386417331,0.217553878656845,0.70820724086422,AL189T
AL189T_127,4.56434819146784,0.232937706891164,0.778181062067958,AL189T
AL189T_128,4.52178857704904,0.28345256014509,0.856181668543284,AL189T
AL189T_129,4.93447393313069,0.266912107181007,0.719804890311103,AL189T
AL189T_130,4.23410650459726,0.20990752111946,0.781529410809634,AL189T
AL189T_131,3.78418963391826,0.376386567747414,0.883582214118623,AL189T
AL189T_132,4.39444915467244,0.405083926229306,0.885042410636175,AL189T
AL189T_133,3.52636052461616,0.0771315233098111,0.696489346630392,AL189T
AL189T_134,4.35670882668959,0.249163966404314,0.734217763414771,AL189T
AL189T_135,4.14313472639153,0.156002427402084,0.642378235942429,AL189T
AL189T_136,4.43081679884331,0.240587875540311,0.686966436348468,AL189T
AL189T_137,4.27666611901606,0.0780540110987715,0.714016071570171,AL189T
AL189T_138,3.85014760171006,0.0686950266259556,0.76229069631734,AL189T
AL189T_139,4.33073334028633,0.300055473042691,0.792088414301257,AL189T
AL189T_140,4.36944785246702,0.437263817561183,0.857714935012466,AL189T
AL189T_141,3.80666248977032,0.00990228734404881,0.733667496556823,AL189T
AL189T_142,4.33073334028633,0.484269879481654,0.831325781304058,AL189T
AL189T_143,4.14313472639153,0.165155087543913,0.775843964697389,AL189T
AL189T_144,3.71357206670431,0.011589736709581,0.507703677675558,AL189T
AL189T_145,4.23410650459726,0.319277993549331,0.855015594141136,AL189T
AL189T_146,3.68887945411394,0.207314401703517,0.816170556878188,AL189T
AL189T_147,4.27666611901606,0.59628052256204,0.909475572223112,AL189T
AL189T_148,4.38202663467388,0.42817950406719,0.844608021749646,AL189T
AL189T_149,4.00733318523247,0.281830424458939,0.748633008098138,AL189T
AL189T_150,4.40671924726425,0.371830486434528,0.877177752946061,AL189T
AL189T_151,3.95124371858143,0.203267261756039,0.781005752479917,AL189T
AL189T_152,4.36944785246702,0.502507615566888,0.937040641034243,AL189T
AL189T_153,4.02535169073515,0.0349383830825456,0.58921848555425,AL189T
AL189T_154,3.98898404656427,0.0440197105789976,0.664754501328835,AL189T
AL189T_155,3.58351893845611,0.0703045975817864,0.766263260513924,AL189T
AL189T_156,4.11087386417331,0.310307490675249,0.833325392038395,AL189T
AL189T_157,3.46573590279973,0.267970417251163,0.81014865415978,AL189T
AL189T_158,4.29045944114839,0.594584044884977,0.909308545259975,AL189T
AL189T_159,3.66356164612965,0.114094009340019,0.780249905596163,AL189T
AL189T_160,3.98898404656427,0.379937036834419,0.841207337639081,AL189T
AL189T_161,3.85014760171006,0.113794640611549,0.849228892999577,AL189T
AL189T_162,4.06044301054642,0.122832049619353,0.677626190214297,AL189T
AL189T_163,4.26267987704132,0.233125336909431,0.803783725286616,AL189T
AL189T_164,4.14313472639153,0.389866551154566,0.887320191357213,AL189T
AL189T_165,4.20469261939097,0.119239888723251,0.824406446432976,AL189T
AL189T_166,4.00733318523247,0.233292345612012,0.827955685091952,AL189T
AL189T_167,4.39444915467244,0.547944325150669,0.845916718019341,AL189T
AL189T_168,3.8286413964891,0.0471572144029614,0.659076080742408,AL189T
AL189T_169,3.49650756146648,0.04731973110056,0.583304851664282,AL189T
AL189T_170,3.80666248977032,0.156207966958416,0.687902253110278,AL189T
AL189T_171,3.8286413964891,0.159346071602249,0.736137723866888,AL189T
AL189T_172,4.00733318523247,0.0513545124108421,0.678185787611729,AL189T
AL189T_173,3.58351893845611,0.0465482559979691,0.611169072367763,AL189T
AL189T_174,3.85014760171006,0.0903598723797029,0.837005021020008,AL189T
AL189T_175,4.12713438504509,0.00693894053154134,0.740194447106766,AL189T
AL189T_176,4.18965474202643,0.514233417014699,0.955624747867803,AL189T
AL189T_177,3.98898404656427,0.269632122476991,0.773144267058439,AL189T
AL189T_178,4.02535169073515,0.253868316270285,0.821234174267687,AL189T
AL189T_179,4.00733318523247,0.158569929307074,0.85384886656166,AL189T
AL189T_180,3.95124371858143,0.290266665397954,0.804996321187898,AL189T
AL189T_181,3.71357206670431,0.141171868068456,0.669044584271557,AL189T
AL189T_182,3.71357206670431,0.135966797763367,0.582867998440742,AL189T
AL189T_183,4.07753744390572,0.519418756097637,0.926776735128239,AL189T
AL189T_184,3.71357206670431,0.103273604651374,0.810110502351381,AL189T
AL189T_185,3.55534806148941,0.129742411628682,0.690170020471043,AL189T
AL189T_186,3.55534806148941,0.0190761470815646,0.627545164975126,AL189T
AL189T_187,3.80666248977032,0.214684073780755,0.833449640059889,AL189T
AL189T_188,4.12713438504509,0.0437390439918531,0.579097863192101,AL189T
AL189T_189,3.89182029811063,0.128413784376019,0.626698927654222,AL189T
AL189T_190,3.85014760171006,0.181580872862017,0.797849782547789,AL189T
AL189T_191,3.80666248977032,0.04011631172075,0.805894484734892,AL189T
AL189T_192,3.71357206670431,0.0859323151914125,0.68173294540894,AL189T
AL189T_193,3.85014760171006,0.443762659120443,0.96596104309043,AL189T
AL189T_194,3.89182029811063,0.395635614962874,0.836936978461099,AL189T
AL189T_195,3.87120101090789,0.279603575903391,0.823209182626418,AL189T
AL189T_196,3.95124371858143,0.153111529350988,0.81579116094389,AL189T
AL189T_197,3.87120101090789,0.364317979455422,0.878620572963059,AL189T
AL189T_198,4.07753744390572,0.583298542166941,0.945229840509229,AL189T
AL189T_199,3.87120101090789,0.412855400399924,0.932940310612798,AL189T
AL189T_200,3.71357206670431,0.351823487933009,0.867052803143332,AL189T
AL189T_201,3.46573590279973,0.0886377374227929,0.807272104715038,AL189T
AL189T_202,3.58351893845611,0.328787709299724,0.557611211557926,AL189T
AL189T_203,3.58351893845611,0.133451068953495,0.613679715713925,AL189T
AL189T_204,3.87120101090789,0.276502999936853,0.835414134049659,AL189T
AL189T_205,3.73766961828337,0.462708672787997,0.960805060014929,AL189T
AL189T_206,3.78418963391826,0.152987109081454,0.825953253473915,AL189T
AL189T_207,4.00733318523247,0.483523743347423,0.91667162399879,AL189T
AL189T_208,3.85014760171006,0.413662835587463,0.893711855400127,AL189T
AL189T_209,3.66356164612965,0.258083762943418,0.802536657324985,AL189T
AL189T_210,3.58351893845611,0.191129586357403,0.760887914408281,AL189T
AL189T_211,3.8286413964891,0.422983519274628,0.825369271562899,AL189T
AL189T_212,3.71357206670431,0.231170609696069,0.876619735461039,AL189T
AL189T_213,3.80666248977032,0.0821573700097488,0.743667109030147,AL189T
AL189T_214,3.61091791264422,0.0994330188274599,0.834787974522719,AL189T
AL189T_215,3.80666248977032,0.386986360683531,0.824390669671423,AL189T
AL189T_216,3.76120011569356,0.275385640429682,0.882010427926058,AL189T
AL189T_217,3.52636052461616,0.308860937465113,0.81415141964149,AL189T
AL189T_218,3.76120011569356,0.505456550582501,0.974722157997992,AL189T
AL189T_219,3.43398720448515,0.0928724753718477,0.859940766201638,AL189T
AL189T_220,3.63758615972639,0.109874589483259,0.575665369455938,AL189T
AL189T_221,3.49650756146648,0.19304705471107,0.869032844591699,AL189T
AL189T_222,4.15888308335967,0.0715178364085847,0.72218483246821,AL189T
AL189T_223,3.55534806148941,0.401022850551143,0.923834003298038,AL189T
AL189T_224,3.66356164612965,0.259376028128255,0.833851734371472,AL189T
AL189T_225,3.58351893845611,0.202939596520491,0.858919177168387,AL189T
AL189T_226,3.49650756146648,0.617351205303562,0.96746163046321,AL189T
AL189T_227,4.0943445622221,0.277841062567429,0.803539064301411,AL189T
AL189T_228,3.61091791264422,0.32665360313088,0.889834702252991,AL189T
AL189T_229,3.68887945411394,0.562581520745648,0.9334876335546,AL189T
AL189T_230,3.91202300542815,0.306981491023677,0.84506005721759,AL189T
AL189T_231,3.49650756146648,0.274286346171712,0.933214978110769,AL189T
AL189T_232,3.63758615972639,0.362259130371634,0.931920213579539,AL189T
AL189T_233,3.52636052461616,0.447416440707131,0.933125912526205,AL189T
AL189T_234,3.58351893845611,0.186905322492239,0.73424483282286,AL189T
AL189T_235,3.71357206670431,0.254389973001184,0.753427887352634,AL189T
AL189T_236,3.52636052461616,0.576850614825933,0.941171001040057,AL189T
AL189T_237,3.52636052461616,0.296329851545166,0.868859958394534,AL189T
AL189T_238,3.58351893845611,0.246405302832258,0.738705544934507,AL189T
AL189T_239,3.43398720448515,0.208981276253208,0.830990733964349,AL189T
AL189T_240,3.78418963391826,0.0514539384800677,0.532954941134325,AL189T
AL189T_241,3.49650756146648,0.509132367373021,0.909698954262577,AL189T
AL189T_242,3.61091791264422,0.135843149718048,0.838963922005694,AL189T
AL189T_243,3.49650756146648,0.197108472260796,0.682901917553095,AL189T
AL189T_244,3.49650756146648,0.1660534607447,0.697892015050409,AL189T
AL189T_245,3.46573590279973,0.322372853293448,0.858480871351704,AL189T
AL189T_246,3.43398720448515,0.46023465364649,0.958706606033979,AL189T
AM010_1,7.14755927118945,0.249116164639163,0.721727453614726,AM010
AM010_2,7.08757370555797,0.0907981225970963,0.641285381189699,AM010
AM010_3,6.65286302935335,0.248464369515181,0.704712236070549,AM010
AM010_4,6.61069604471776,0.133939583664627,0.755634382204063,AM010
AM010_5,6.64509096950564,0.160088217171709,0.740672541690864,AM010
AM010_6,6.58340922215876,0.206713590395244,0.69404742839966,AM010
AM010_7,6.57088296233958,0.0346189623023839,0.686797354289679,AM010
AM010_8,6.67708346124714,0.303509409684098,0.771850355077673,AM010
AM010_9,6.30809844150953,0.233892368522707,0.726840187580761,AM010
AM010_10,6.52795791762255,0.170066652669244,0.753407763047367,AM010
AM010_11,6.4118182677099,0.136508231177956,0.66143969983618,AM010
AM010_12,6.59441345974978,0.434462072180141,0.744693979751539,AM010
AM010_13,6.41345895716736,0.0338783787527301,0.591463962108062,AM010
AM010_14,6.41345895716736,0.0630347151621702,0.640353230919968,AM010
AM010_15,6.07764224334903,0.204806538206566,0.613111179156784,AM010
AM010_16,6.48768401848461,0.0453229197126362,0.681349751968491,AM010
AM010_17,6.39359075395063,0.0394521596704945,0.728517208129668,AM010
AM010_18,6.36818718635049,0.119035412368174,0.774221085883982,AM010
AM010_19,6.23832462503951,0.460896087891904,0.749088763350664,AM010
AM010_20,6.38012253689976,0.203199124044842,0.724720772601672,AM010
AM010_21,6.35262939631957,0.168801863796904,0.732167554487542,AM010
AM010_22,6.0913098820777,0.215018427394081,0.742279219944391,AM010
AM010_23,6.16331480403464,0.335124936390502,0.809926462306764,AM010
AM010_24,5.95324333428778,0.170823933691003,0.733688343241308,AM010
AM010_25,6.14203740558736,0.104022983323318,0.608475744439215,AM010
AM010_26,6.24804287450843,0.049390283693392,0.71386480161871,AM010
AM010_27,5.73009978297357,0.0186734580111508,0.767560054395747,AM010
AM010_28,6.07534603108868,0.387780493226297,0.772223776085699,AM010
AM010_29,6.22653666928747,0.420492182491263,0.843514916008016,AM010
AM010_30,5.98393628068719,0.357303716662996,0.776338739648978,AM010
AM010_31,5.68017260901707,0.0910837509424699,0.678939765703795,AM010
AM010_32,6.12905021006055,0.181170408358187,0.649803809307232,AM010
AM010_33,6.07304453410041,0.137366355512098,0.683874067907015,AM010
AM010_34,6.11146733950268,0.268264642657444,0.732375921733874,AM010
AM010_35,6.13772705408623,0.309484886213042,0.736062888901268,AM010
AM010_36,5.74620319054015,0.0661731308800188,0.581157958658951,AM010
AM010_37,5.91620206260743,0.0647102132614363,0.624809369953188,AM010
AM010_38,6.07764224334903,0.0474366851028412,0.601231105971498,AM010
AM010_39,5.99645208861902,0.201360426326182,0.744361918676169,AM010
AM010_40,6.03068526026126,0.177671590153271,0.7429727989993,AM010
AM010_41,5.90263333340137,0.217308717552584,0.651728843943702,AM010
AM010_42,6.08221891037645,0.313935961705255,0.839998707205734,AM010
AM010_43,5.77765232322266,0.0158733953875219,0.572533552402144,AM010
AM010_44,6.23441072571837,0.528762740830925,0.839725537850854,AM010
AM010_45,5.94017125272043,0.336580082482778,0.728563410760074,AM010
AM010_46,5.78382518232974,0.346776290357585,0.777884969507385,AM010
AM010_47,6.09582456243222,0.657918256906389,0.881035797026028,AM010
AM010_48,5.85793315448346,0.313047509957892,0.756232389129939,AM010
AM010_49,5.98141421125448,0.388662930930659,0.78621229044109,AM010
AM010_50,5.72031177660741,0.0755036336150246,0.613166716540369,AM010
AM010_51,5.64897423816121,0.136242910273932,0.603275277886722,AM010
AM010_52,5.57594910314632,0.00355207726890446,0.707082502276625,AM010
AM010_53,5.87211778947542,0.500548045491369,0.874907306918599,AM010
AM010_54,5.65599181081985,0.0684270606285055,0.591818721558654,AM010
AM010_55,5.87773578177964,0.132144718913722,0.788988049952523,AM010
AM010_56,5.6021188208797,0.189149822687457,0.718169551032936,AM010
AM010_57,5.82894561761021,0.393438736518438,0.859872532295254,AM010
AM010_58,5.37989735354046,0.0653873559175465,0.690706565833399,AM010
AM010_59,5.65948221575962,0.104140718865037,0.574504834569068,AM010
AM010_60,5.63478960316925,0.213025407626487,0.783777216523092,AM010
AM010_61,5.3890717298165,0.0826936188141813,0.572956667771216,AM010
AM010_62,5.76519110278484,0.314904344686708,0.725257062067809,AM010
AM010_63,5.56068163101553,0.202084806554542,0.724193948807837,AM010
AM010_64,5.23644196282995,0.0734913127161383,0.694229089040407,AM010
AM010_65,5.80211837537706,0.211858671539818,0.736942055933813,AM010
AM010_66,5.43372200355424,0.0647739665218357,0.64050248456782,AM010
AM010_67,5.52942908751142,0.274428944592694,0.69865466292264,AM010
AM010_68,5.74300318780948,0.0413331567051987,0.719414502201312,AM010
AM010_69,5.44241771052179,0.0887933426112153,0.637464654877595,AM010
AM010_70,5.38449506278909,0.121384988949036,0.559671068101889,AM010
AM010_71,5.68357976733868,0.511786189797946,0.896536095247045,AM010
AM010_72,5.37989735354046,0.064264462535675,0.69065772617318,AM010
AM010_73,5.62040086571715,0.559631744124317,0.896606395704221,AM010
AM010_74,5.4971682252932,0.170743933949806,0.752987893618608,AM010
AM010_75,5.20948615284142,0.124477543814959,0.6616863402692,AM010
AM010_76,5.4510384535657,0.0671470690082252,0.6980067084767,AM010
AM010_77,5.52545293913178,0.418166615856213,0.824044756901021,AM010
AM010_78,5.30330490805908,0.161908303738044,0.59908424867606,AM010
AM010_79,5.4971682252932,0.439216575162425,0.825527504703264,AM010
AM010_80,5.54907608489522,0.533304799795504,0.928822024356333,AM010
AM010_81,5.47646355193151,0.316746292327257,0.74411809474617,AM010
AM010_82,5.40267738187228,0.122534434189723,0.716862173317976,AM010
AM010_83,4.85203026391962,0.258366476386556,0.678393930244726,AM010
AM010_84,5.00394630594546,0.140799113989875,0.66432834022627,AM010
AM010_85,5.63121178182137,0.278157573364229,0.857917694429641,AM010
AM010_86,5.18178355029209,0.177411990647689,0.645618082539971,AM010
AM010_87,5.30826769740121,0.350470150933661,0.678667053781883,AM010
AM010_88,5.37527840768417,0.255334709454379,0.802479783930593,AM010
AM010_89,5.32787616878958,0.206191907132205,0.737255897658775,AM010
AM010_90,5.37063802812766,0.270098679616169,0.738419735280486,AM010
AM010_91,5.10594547390058,0.15876326903538,0.714533354037419,AM010
AM010_92,5.2040066870768,0.0350156311782862,0.59727614373639,AM010
AM010_93,5.37063802812766,0.466097784038348,0.90533480685552,AM010
AM010_94,5.29330482472449,0.407842205537161,0.867622301264159,AM010
AM010_95,5.11198778835654,0.291272212866147,0.751791733988618,AM010
AM010_96,5.08759633523238,0.231290436208444,0.756549523128245,AM010
AM010_97,5.30330490805908,0.484240070031937,0.918258846039869,AM010
AM010_98,4.97673374242057,0.12939641819313,0.779578074571233,AM010
AM010_99,5.33271879326537,0.385285724369848,0.821718142479543,AM010
AM010_100,4.83628190695148,0.00839246039312874,0.787031930514169,AM010
AM010_101,5.33753807970132,0.366214067831391,0.905639111315487,AM010
AM010_102,4.85203026391962,0.0802034989968405,0.588931449246846,AM010
AM010_103,4.94875989037817,0.266700594782698,0.622736876980338,AM010
AM010_104,5.17614973257383,0.286215057294553,0.797723238827033,AM010
AM010_105,5.14166355650266,0.245075069336991,0.869475507390163,AM010
AM010_106,5.04342511691925,0.37201417530997,0.764007046908021,AM010
AM010_107,5.10594547390058,0.0372778966925495,0.737664667572425,AM010
AM010_108,5.00394630594546,0.118743332687507,0.772912969655716,AM010
AM010_109,5.07517381523383,0.298352372237511,0.790358571464801,AM010
AM010_110,4.99043258677874,0.253572412537834,0.742430275091324,AM010
AM010_111,5.02388052084628,0.174599026361622,0.821080431094228,AM010
AM010_112,4.70048036579242,0.194397425076119,0.832897319338234,AM010
AM010_113,4.96284463025991,0.120293732778773,0.734793700137731,AM010
AM010_114,4.99721227376411,0.348976127083254,0.83235283146601,AM010
AM010_115,4.99721227376411,0.205691246959925,0.805239363823779,AM010
AM010_116,4.96284463025991,0.134485218698585,0.7086030762905,AM010
AM010_117,4.75359019110636,0.0879122051428987,0.664535473515046,AM010
AM010_118,5.00394630594546,0.303510044775533,0.743818598046491,AM010
AM010_119,5.07517381523383,0.38123079776605,0.900663467455865,AM010
AM010_120,5.04342511691925,0.352487146854171,0.800657000230955,AM010
AM010_121,4.9416424226093,0.376548529180789,0.79173668895102,AM010
AM010_122,4.969813299576,0.141837809820121,0.792200588365257,AM010
AM010_123,4.88280192258637,0.162367220990479,0.642658345126575,AM010
AM010_124,5.0998664278242,0.279538647127266,0.776689662232122,AM010
AM010_125,4.86753445045558,0.136154515037756,0.730654389356153,AM010
AM010_126,4.8283137373023,0.146965034028776,0.706651905213734,AM010
AM010_127,4.85981240436167,0.205563907042283,0.709296436615379,AM010
AM010_128,4.74493212836325,0.116245050458297,0.750544469164733,AM010
AM010_129,4.71849887129509,0.0974726452298275,0.574898496324551,AM010
AM010_130,4.21950770517611,0.258922498912756,0.658006044379768,AM010
AM010_131,4.78749174278205,0.379771741552595,0.856214160766489,AM010
AM010_132,4.91998092582813,0.483697139195499,0.912525547442011,AM010
AM010_133,5.01063529409626,0.457849049797973,0.871477915574834,AM010
AM010_134,3.91202300542815,0.091714639381475,0.620479052821941,AM010
AM010_135,4.81218435537242,0.326391682862816,0.818711936637103,AM010
AM010_136,4.76217393479776,0.116504908127687,0.718277479767481,AM010
AM010_137,4.70048036579242,0.128615166890839,0.61125482341098,AM010
AM010_138,4.77912349311153,0.313623463244127,0.889097593032367,AM010
AM010_139,4.88280192258637,0.556264115008311,0.931304404328066,AM010
AM010_140,5.02388052084628,0.135369109227068,0.819811534557705,AM010
AM010_141,4.59511985013459,0.12352226967066,0.742575504392955,AM010
AM010_142,5.03043792139244,0.275193377694193,0.77038132406403,AM010
AM010_143,4.8283137373023,0.259065314980981,0.881614324257926,AM010
AM010_144,4.86753445045558,0.378387449034502,0.927631916059489,AM010
AM010_145,4.71849887129509,0.00950571039229717,0.715059331332792,AM010
AM010_146,4.70953020131233,0.272138768930137,0.866575400527726,AM010
AM010_147,4.61512051684126,0.339016162160439,0.689166472286755,AM010
AM010_148,4.24849524204936,0.152040695277694,0.755439362510455,AM010
AM010_149,4.57471097850338,0.50933695874289,0.869310041510718,AM010
AM010_150,4.98360662170834,0.276569505731907,0.79481376562699,AM010
AM010_151,4.47733681447821,0.21691517324299,0.720829774645997,AM010
AM010_152,4.68213122712422,0.350945668028471,0.833841587300646,AM010
AM010_153,4.47733681447821,0.154728491544336,0.586178334055203,AM010
AM010_154,4.56434819146784,0.135143569620758,0.691681257743542,AM010
AM010_155,4.43081679884331,0.0206311749294235,0.586799713812375,AM010
AM010_156,4.40671924726425,0.0629150666152785,0.575895636336512,AM010
AM010_157,4.65396035015752,0.0334958464484289,0.659853871063299,AM010
AM010_158,4.81218435537242,0.354218665687925,0.858714393138608,AM010
AM010_159,4.70048036579242,0.300053744951858,0.849146504245952,AM010
AM010_160,4.71849887129509,0.261830540681986,0.844035847885299,AM010
AM010_161,4.55387689160054,0.282807035340873,0.748949601348114,AM010
AM010_162,4.89034912822175,0.213213903525003,0.674254511135046,AM010
AM010_163,4.55387689160054,0.177209686710891,0.75414175525479,AM010
AM010_164,4.52178857704904,0.0813612948620235,0.791988073155145,AM010
AM010_165,4.70048036579242,0.170978262075391,0.775270038653125,AM010
AM010_166,4.58496747867057,0.324983879665192,0.804988231725048,AM010
AM010_167,4.67282883446191,0.369014227449877,0.873287935383527,AM010
AM010_168,4.47733681447821,0.15678134227558,0.805391485116105,AM010
AM010_169,4.30406509320417,0.0245671633449967,0.663039594116313,AM010
AM010_170,4.70048036579242,0.382423976887805,0.825723277658911,AM010
AM010_171,4.71849887129509,0.486644547039246,0.925644494844895,AM010
AM010_172,4.67282883446191,0.104334021118883,0.583525876914709,AM010
AM010_173,4.23410650459726,0.307304283481611,0.853849995368552,AM010
AM010_174,3.97029191355212,0.293862071309187,0.824703721281388,AM010
AM010_175,4.14313472639153,0.155785845090512,0.521316356198048,AM010
AM010_176,3.87120101090789,0.190238284304757,0.459718905965759,AM010
AM010_177,4.64439089914137,0.190007900052992,0.713321231822833,AM010
AM010_178,4.18965474202643,0.115306948066954,0.522211024087086,AM010
AM010_179,4.64439089914137,0.361172982307892,0.831294432079458,AM010
AM010_180,4.29045944114839,0.138280225997451,0.753984741260167,AM010
AM010_181,4.47733681447821,0.259277615377251,0.739803703865484,AM010
AM010_182,4.44265125649032,0.402742352747086,0.911605119029422,AM010
AM010_183,4.30406509320417,0.0911343624505601,0.699296486337175,AM010
AM010_184,3.80666248977032,0.082181565554811,0.566681069777777,AM010
AM010_185,4.26267987704132,0.243033325162054,0.77506718978962,AM010
AM010_186,4.06044301054642,0.127089390162177,0.639232118176447,AM010
AM010_187,4.72738781871234,0.750282198476803,0.963727146994129,AM010
AM010_188,4.51085950651685,0.268673143118305,0.849144621196243,AM010
AM010_189,4.46590811865458,0.516642837377212,0.883854525633918,AM010
AM010_190,4.15888308335967,0.152623969885434,0.613697924832781,AM010
AM010_191,4.14313472639153,0.262777222133409,0.68678179020376,AM010
AM010_192,4.54329478227,0.356554382982031,0.878652297513358,AM010
AM010_193,4.44265125649032,0.401551788008646,0.875993931050477,AM010
AM010_194,4.40671924726425,0.297068618424996,0.81703632366325,AM010
AM010_195,4.30406509320417,0.113297305379388,0.719442344367132,AM010
AM010_196,3.98898404656427,0.220374450737397,0.823503435608459,AM010
AM010_197,4.29045944114839,0.191245013667959,0.756065801269105,AM010
AM010_198,3.61091791264422,0.240537217888193,0.86344376043473,AM010
AM010_199,4.23410650459726,0.0941015456149634,0.74252952122485,AM010
AM010_200,3.93182563272433,0.149875458194052,0.589404347388368,AM010
AM010_201,4.35670882668959,0.316003749427387,0.936016085857361,AM010
AM010_202,4.07753744390572,0.106917475982215,0.663948560531183,AM010
AM010_203,4.35670882668959,0.273613854450831,0.795610989496746,AM010
AM010_204,4.26267987704132,0.166880020559637,0.852147953052843,AM010
AM010_205,4.11087386417331,0.220831566226932,0.632781258238942,AM010
AM010_206,4.06044301054642,0.0615598319102876,0.502128397001137,AM010
AM010_207,4.21950770517611,0.283541472070674,0.735819819047056,AM010
AM010_208,3.80666248977032,0.0495286495545212,0.55613292979651,AM010
AM010_209,4.49980967033027,0.468405639452779,0.908329350549136,AM010
AM010_210,4.27666611901606,0.221239346063884,0.804517818750909,AM010
AM010_211,4.26267987704132,0.287973581380899,0.819810914237342,AM010
AM010_212,3.66356164612965,0.280932837548655,0.798606277943311,AM010
AM010_213,3.95124371858143,0.155184937103283,0.678266179024365,AM010
AM010_214,3.98898404656427,0.0535713925592376,0.646373276845679,AM010
AM010_215,4.40671924726425,0.178333251009588,0.81027417382057,AM010
AM010_216,3.89182029811063,0.335534389479813,0.801399492203699,AM010
AM010_217,4.14313472639153,0.0254065176420411,0.59887575726439,AM010
AM010_218,4.04305126783455,0.179257992162962,0.77754402108771,AM010
AM010_219,4.11087386417331,0.253434977256676,0.820096892226855,AM010
AM010_220,4.21950770517611,0.351029870550726,0.79215692421865,AM010
AM010_221,4.04305126783455,0.314746986695918,0.798367997748716,AM010
AM010_222,4.17438726989564,0.498827256347833,0.842026378050877,AM010
AM010_223,4.31748811353631,0.201440564525927,0.822813004199266,AM010
AM010_224,3.98898404656427,0.0657154292898141,0.644981336026362,AM010
AM010_225,3.80666248977032,0.155150980469583,0.670798728554588,AM010
AM010_226,4.14313472639153,0.411064139747582,0.845273917402705,AM010
AM010_227,4.12713438504509,0.327947517055429,0.776530384807231,AM010
AM010_228,3.98898404656427,0.233791132154056,0.540706595181022,AM010
AM010_229,4.26267987704132,0.334425650480073,0.772223922562663,AM010
AM010_230,4.21950770517611,0.0607817914674582,0.631077123333985,AM010
AM010_231,3.98898404656427,0.139689193973733,0.823004519399989,AM010
AM010_232,3.80666248977032,0.130947880688804,0.731256976686762,AM010
AM010_233,4.15888308335967,0.172502076759265,0.778630101208597,AM010
AM010_234,3.95124371858143,0.13138665971057,0.800231273470208,AM010
AM010_235,4.44265125649032,0.0952792312666454,0.76288531540262,AM010
AM010_236,3.49650756146648,0.200321464920221,0.657859365814714,AM010
AM010_237,3.78418963391826,0.212897935199475,0.559084834908229,AM010
AM010_238,4.11087386417331,0.262493991375822,0.846790348647688,AM010
AM010_239,3.73766961828337,0.131448609094882,0.734778580820935,AM010
AM010_240,3.61091791264422,0.0372177303300865,0.673768932106857,AM010
AM010_241,4.00733318523247,0.204262670841767,0.761441975425383,AM010
AM010_242,3.71357206670431,0.17149266536059,0.769509470320796,AM010
AM010_243,4.17438726989564,0.515161302080984,0.923371251819163,AM010
AM010_244,3.68887945411394,0.265918759547615,0.544559118432215,AM010
AM010_245,4.18965474202643,0.6215751389454,0.926815911571997,AM010
AM010_246,3.85014760171006,0.14365819519267,0.657213812720052,AM010
AM010_247,3.55534806148941,0.0469127120208696,0.790854061189216,AM010
AM010_248,3.71357206670431,0.0534323512911077,0.571058015892607,AM010
AM010_249,3.58351893845611,0.0766901162649632,0.565298559465556,AM010
AM010_250,3.97029191355212,0.107330774577348,0.648736416129812,AM010
AM010_251,3.80666248977032,0.129503466314779,0.717965220709331,AM010
AM010_252,4.06044301054642,0.426056787048347,0.91042830526257,AM010
AM010_253,3.8286413964891,0.0797320188380409,0.748226713527942,AM010
AM010_254,3.95124371858143,0.195908894876145,0.810067151351807,AM010
AM010_255,3.98898404656427,0.335668449528507,0.891603206451018,AM010
AM010_256,3.73766961828337,0.281468406343182,0.796710865616674,AM010
AM010_257,3.80666248977032,0.0702151349452273,0.710140335125352,AM010
AM010_258,3.89182029811063,0.435875660817114,0.903640693401105,AM010
AM010_259,3.76120011569356,0.115315193670711,0.730407515569991,AM010
AM010_260,3.95124371858143,0.408741903541378,0.898654596459932,AM010
AM010_261,3.87120101090789,0.302624382014542,0.88264119807566,AM010
AM010_262,3.76120011569356,0.241541464859637,0.859612634636325,AM010
AM010_263,3.66356164612965,0.211144146558751,0.783756142104618,AM010
AM010_264,3.76120011569356,0.0772035362939399,0.740130833163802,AM010
AM010_265,3.87120101090789,0.236635427136778,0.714238691156792,AM010
AM010_266,3.8286413964891,0.337610408811162,0.770414505397747,AM010
AM010_267,3.78418963391826,0.442394073578097,0.908460747370571,AM010
AM010_268,4.18965474202643,0.478677778577053,0.965001976687662,AM010
AM010_269,3.98898404656427,0.266342399905406,0.819089703218106,AM010
AM010_270,3.78418963391826,0.362180744567057,0.908025312291125,AM010
AM010_271,3.80666248977032,0.391146463012165,0.820000923981895,AM010
AM010_272,3.85014760171006,0.40266383612652,0.95141988652253,AM010
AM010_273,3.43398720448515,0.105004845690489,0.630871570386163,AM010
AM010_274,3.95124371858143,0.51261648628761,0.911839526594098,AM010
AM010_275,3.66356164612965,0.305178421298708,0.849620348840258,AM010
AM010_276,3.76120011569356,0.188351551601176,0.854432029430427,AM010
AM010_277,4.0943445622221,0.250874197301339,0.651450612516189,AM010
AM010_278,3.61091791264422,0.137831294637224,0.667052319011369,AM010
AM010_279,3.78418963391826,0.354483386628585,0.89645178342512,AM010
AM010_280,3.55534806148941,0.0333581392186252,0.705930882735909,AM010
AM010_281,3.71357206670431,0.128205381861658,0.822966714160341,AM010
AM010_282,3.58351893845611,0.397661138691145,0.882908940217056,AM010
AM010_283,3.58351893845611,0.102270926839679,0.710020013558824,AM010
AM010_284,3.55534806148941,0.112585851247867,0.840066089987977,AM010
AM010_285,3.76120011569356,0.361424226096134,0.810496543806838,AM010
AM010_286,3.71357206670431,0.21911084727073,0.784402790866829,AM010
AM010_287,3.66356164612965,0.232684684254484,0.843450037794924,AM010
AM010_288,3.52636052461616,0.264124904058755,0.87856903394968,AM010
AM010_289,4.07753744390572,0.10881242184346,0.650177173692361,AM010
AM010_290,3.43398720448515,0.139964933721067,0.804134409812077,AM010
AM010_291,3.46573590279973,0.216047497625324,0.752489758268922,AM010
AM010_292,3.68887945411394,0.398073419899226,0.961935216094371,AM010
AM010_293,3.46573590279973,0.15964336649081,0.783185419935005,AM010
AM010_294,3.52636052461616,0.170137173011355,0.816162265738583,AM010
AM010_295,3.49650756146648,0.212748280818497,0.832480141429441,AM010
AM010_296,3.55534806148941,0.352897445771908,0.941975822682215,AM010
AM010_297,3.91202300542815,0.105154120409359,0.645240119685984,AM010
AM010_298,3.58351893845611,0.50803392595031,0.858098633598629,AM010
AM010_299,3.49650756146648,0.358113545532541,0.87411917287547,AM010
AM010_300,3.49650756146648,0.180103288191524,0.893595907838548,AM010
AM010_301,3.55534806148941,0.124435660631512,0.685608805599711,AM010
AM010_302,3.46573590279973,0.184136759652656,0.794263866881665,AM010
AM010_303,3.52636052461616,0.54543382006471,0.925416303249218,AM010
AM010_304,3.49650756146648,0.377066524893461,0.90464069558481,AM010
AM010_305,3.52636052461616,0.478964488772224,0.951557929727198,AM010
AM010_306,3.71357206670431,0.163126543303632,0.808957729327587,AM010
AM010_307,3.49650756146648,0.40276363266461,0.876680327494505,AM010
AM010_308,3.52636052461616,0.401340685719648,0.936629023510656,AM010
AM010_309,3.55534806148941,0.0746726764685786,0.637328264465647,AM010
AM010_310,3.85014760171006,0.28925196565003,0.787494508833107,AM010
